<?xml version="1.0" encoding="UTF-8"?>
<archive>
    <dir sourceOnDisk="/Users/bbekker/Documents/ibm/workspaces/call4code/calmh-server/target/m2e-wtp/web-resources" targetInArchive="/"/>
    <dir sourceOnDisk="/Users/bbekker/Documents/ibm/workspaces/call4code/calmh-server/src/main/webapp" targetInArchive="/"/>
    <dir sourceOnDisk="/Users/bbekker/Documents/ibm/workspaces/call4code/calmh-server/target/classes" targetInArchive="/WEB-INF/classes"/>
    <dir sourceOnDisk="/Users/bbekker/Documents/ibm/workspaces/call4code/calmh-server/target/test-classes" targetInArchive="/WEB-INF/classes"/>
    <file sourceOnDisk="/Users/bbekker/.m2/repository/org/apache/httpcomponents/httpcore/4.3/httpcore-4.3.jar" targetInArchive="/WEB-INF/lib/httpcore-4.3.jar"/>
    <file sourceOnDisk="/Users/bbekker/.m2/repository/org/ektorp/org.ektorp/1.4.4/org.ektorp-1.4.4.jar" targetInArchive="/WEB-INF/lib/org.ektorp-1.4.4.jar"/>
    <file sourceOnDisk="/Users/bbekker/.m2/repository/org/apache/httpcomponents/httpclient/4.3/httpclient-4.3.jar" targetInArchive="/WEB-INF/lib/httpclient-4.3.jar"/>
    <file sourceOnDisk="/Users/bbekker/.m2/repository/org/apache/httpcomponents/httpclient-cache/4.3/httpclient-cache-4.3.jar" targetInArchive="/WEB-INF/lib/httpclient-cache-4.3.jar"/>
    <file sourceOnDisk="/Users/bbekker/.m2/repository/commons-io/commons-io/2.0.1/commons-io-2.0.1.jar" targetInArchive="/WEB-INF/lib/commons-io-2.0.1.jar"/>
    <file sourceOnDisk="/Users/bbekker/.m2/repository/org/slf4j/slf4j-api/1.6.4/slf4j-api-1.6.4.jar" targetInArchive="/WEB-INF/lib/slf4j-api-1.6.4.jar"/>
    <file sourceOnDisk="/Users/bbekker/.m2/repository/org/slf4j/jcl-over-slf4j/1.6.4/jcl-over-slf4j-1.6.4.jar" targetInArchive="/WEB-INF/lib/jcl-over-slf4j-1.6.4.jar"/>
    <file sourceOnDisk="/Users/bbekker/.m2/repository/com/fasterxml/jackson/core/jackson-annotations/2.3.3/jackson-annotations-2.3.3.jar" targetInArchive="/WEB-INF/lib/jackson-annotations-2.3.3.jar"/>
    <file sourceOnDisk="/Users/bbekker/.m2/repository/com/fasterxml/jackson/core/jackson-core/2.3.3/jackson-core-2.3.3.jar" targetInArchive="/WEB-INF/lib/jackson-core-2.3.3.jar"/>
    <file sourceOnDisk="/Users/bbekker/.m2/repository/com/fasterxml/jackson/core/jackson-databind/2.3.3/jackson-databind-2.3.3.jar" targetInArchive="/WEB-INF/lib/jackson-databind-2.3.3.jar"/>
    <file sourceOnDisk="/Users/bbekker/.m2/repository/net/sourceforge/findbugs/annotations/1.3.2/annotations-1.3.2.jar" targetInArchive="/WEB-INF/lib/annotations-1.3.2.jar"/>
    <file sourceOnDisk="/Users/bbekker/.m2/repository/com/cloudant/cloudant-client/2.17.0/cloudant-client-2.17.0.jar" targetInArchive="/WEB-INF/lib/cloudant-client-2.17.0.jar"/>
    <file sourceOnDisk="/Users/bbekker/.m2/repository/com/google/code/gson/gson/2.8.2/gson-2.8.2.jar" targetInArchive="/WEB-INF/lib/gson-2.8.2.jar"/>
    <file sourceOnDisk="/Users/bbekker/.m2/repository/commons-codec/commons-codec/1.6/commons-codec-1.6.jar" targetInArchive="/WEB-INF/lib/commons-codec-1.6.jar"/>
    <file sourceOnDisk="/Users/bbekker/.m2/repository/com/cloudant/cloudant-http/2.17.0/cloudant-http-2.17.0.jar" targetInArchive="/WEB-INF/lib/cloudant-http-2.17.0.jar"/>
</archive>
