<server description="calmh server">

    <!-- Enable features -->
    <featureManager>
        <feature>javaee-7.0</feature>
        <feature>localConnector-1.0</feature>
    	<feature>couchdb-1.0</feature>
		<feature>cloudant-1.0</feature>
		<feature>jndi-1.0</feature>
	</featureManager>

    <!-- This template enables security. To get the full use of all the capabilities, a keystore and user registry are required. -->
    
    <!-- For the keystore, default keys are generated and stored in a keystore. To provide the keystore password, generate an 
         encoded password using bin/securityUtility encode and add it below in the password attribute of the keyStore element. 
         Then uncomment the keyStore element. -->
    <keyStore id="defaultKeyStore" password="{xor}PD4zMjc8PjMyNw=="/>
    
    <keyStore id="defaultTrustStore" location="${server.config.dir}/resources/security/trust.jks" password="{xor}PD4zMjc8PjMyNw==" />
    
    <ssl id="defaultSSLSettings" sslProtocol="TLSv1.2" keyStoreRef="defaultKeyStore" trustStoreRef="defaultTrustStore" />
    
    <!--For a user registry configuration, configure your user registry. For example, configure a basic user registry using the
        basicRegistry element. Specify your own user name below in the name attribute of the user element. For the password, 
        generate an encoded password using bin/securityUtility encode and add it in the password attribute of the user element. 
        Then uncomment the user element. -->
    <basicRegistry id="basic" realm="BasicRealm"> 
        <!-- <user name="yourUserName" password="" />  --> 
    </basicRegistry>
    
    <!-- To access this server from a remote client add a host attribute to the following element, e.g. host="*" -->
    <httpEndpoint httpPort="9080" httpsPort="9443" id="defaultHttpEndpoint"/>
                  
    <!-- Automatically expand WAR files and EAR files -->
    <applicationManager autoExpand="true"/>
    
    <library id="couchdb-lib">
    	<fileset dir="${server.config.dir}/lib" includes="org.ektorp-1.4.4.jar commons-codec-1.6.jar commons-io-2.0.1.jar commons-logging-1.1.3.jar httpclient-4.3.jar httpclient-cache-4.3.jar httpcore-4.3.jar jackson-annotations-2.3.3.jar jackson-core-2.3.3.jar jackson-databind-2.3.2.jar jcl-over-slf4j-1.6.4.jar slf4j-api-1.6.4.jar"/>    
	</library>
	
	<couchdb id="couchdb" jndiName="couchdb/connector" libraryRef="couchdb-lib" password="{xor}PD4zMjc=" url="http://localhost:5984" username="calmh"/>
	
    <applicationMonitor updateTrigger="mbean"/>

    <webApplication contextRoot="calmh" id="calmh-server" location="calmh-server.war" name="calmh-server"/>
</server>